word,sentiment
abandoned,0
abandonment,0
aberration,0
aberration,0
abhorred,0
abhorrence,0
abhorrent,0
abhorrently,0
abhors,0
abhors,0
abject,0
abjectly,0
abnormal,0
abominable,0
abominably,0
abomination,0
abrasive,0
abrupt,0
absence,0
absent-minded,0
absurd,0
absurdity,0
absurdly,0
absurdness,0
abuse,0
abuse,0
abuses,0
abuses,0
abusive,0
abysmal,0
abysmally,0
abyss,0
accidental,0
accountable,0
accursed,0
accusation,0
accusation,0
accusations,0
accusations,0
accuses,0
accusing,0
accusingly,0
acerbic,0
acerbically,0
acrid,0
acridly,0
acridness,0
acrimonious,0
acrimoniously,0
acrimony,0
adamant,0
adamantly,0
addict,0
addiction,0
admonition,0
adrift,0
adulterated,0
adulteration,0
adversarial,0
adverse,0
adversity,0
affectation,0
affliction,0
afflictive,0
affront,0
afraid,0
against,0
aggravating,0
aggravation,0
aggression,0
aggression,0
aggressiveness,0
aggressor,0
aggrieved,0
aghast,0
agitated,0
agitation,0
agitator,0
agonies,0
agonizing,0
agonizingly,0
agony,0
ail,0
ailment,0
aimless,0
airs,0
airs,0
alarm,0
alarmed,0
alarming,0
alarmingly,0
alienated,0
alienation,0
allegation,0
allegations,0
allege,0
allegations,0
allergic,0
aloof,0
altercation,0
ambiguous,0
ambiguity,0
ambivalent,0
ambivalent,0
ambush,0
amiss,0
anarchism,0
anarchist,0
anarchistic,0
anarchy,0
anemic,0
anger,0
anger,0
angry,0
anguish,0
annihilation,0
animosity,0
annoyance,0
annoyed,0
annoying,0
annoyingly,0
anomalous,0
anomaly,0
antagonism,0
antagonist,0
antagonistic,0
anti-,0
anti-American,0
anti-American,0
anti-Israeli,0
anti-Israeli,0
anti-Semites,0
anti-Semites,0
anti-US,0
anti-US,0
anti-occupation,0
anti-occupation,0
anti-proliferation,0
anti-proliferation,0
anti-social,0
anti-white,0
anti-white,0
antipathy,0
antiquated,0
antithetical,0
antithetical,0
anxieties,0
anxiety,0
anxious,0
anxiously,0
anxiousness,0
apathetic,0
apathetic,0
apathetically,0
apathy,0
apocalypse,0
apocalyptic,0
apologist,0
apologist,0
apologists,0
apologists,0
appall,0
appalled,0
appalling,0
appallingly,0
apprehension,0
apprehensions,0
apprehensions,0
apprehensive,0
apprehensive,0
arbitrary,0
arcane,0
archaic,0
arduous,0
arduously,0
argument,0
argument,0
arguments,0
arguments,0
arrogance,0
arrogant,0
arrogantly,0
artificial,0
ashamed,0
asinine,0
asininely,0
asinininity,0
askance,0
aspersion,0
aspersions,0
assassin,0
assault,0
assault,0
astray,0
asunder,0
atrocious,0
atrocities,0
atrocity,0
attack,0
audacious,0
audaciously,0
audaciousness,0
audacity,0
austere,0
authoritarian,0
autocrat,0
autocratic,0
autocratic,0
autocratic,0
avalanche,0
avalanche,0
avarice,0
avaricious,0
avariciously,0
averse,0
aversion,0
avoidance,0
awful,0
awful,0
awfully,0
awfulness,0
awkward,0
awkwardness,0
backbiting,0
backward,0
backwardness,0
bad,0
badly,0
baffled,0
bafflement,0
baffling,0
banal,0
bane,0
banish,0
banishment,0
bankrupt,0
barbarian,0
barbarian,0
barbaric,0
barbarically,0
barbarity,0
barbarity,0
barbarous,0
barbarously,0
barren,0
baseless,0
bashful,0
bastard,0
battered,0
battering,0
battering,0
battle-lines,0
battle-lines,0
battlefield,0
battleground,0
battleground,0
batty,0
bearish,0
beast,0
beast,0
beastly,0
bedlam,0
bedlamite,0
beggar,0
beggarly,0
begging,0
begging,0
belated,0
belittled,0
bellicose,0
bellicose,0
belligerence,0
belligerent,0
belligerently,0
bemoaning,0
bemused,0
bent,0
bereavement,0
bereft,0
berserk,0
beset,0
bestial,0
betrayal,0
betrayals,0
betrayer,0
bewildered,0
bewildering,0
bewildering,0
bewilderingly,0
bewilderment,0
bias,0
bias,0
biased,0
biased,0
biases,0
biases,0
bickering,0
bid-rigging,0
bitchy,0
biting,0
bitingly,0
bitter,0
bitterly,0
bitterness,0
bizarre,0
black,0
blame,0
blame,0
blameworthy,0
bland,0
blasphemous,0
blasphemy,0
blatant,0
blatantly,0
bleak,0
bleakly,0
bleakness,0
blemish,0
blind,0
blinding,0
blindingly,0
blindness,0
blistering,0
bloated,0
block,0
blockhead,0
blood,0
bloodshed,0
bloodthirsty,0
bloody,0
blow,0
blow,0
blunder,0
blunder,0
blundering,0
blunders,0
blunt,0
boastful,0
bogus,0
boiling,0
boisterous,0
bombardment,0
bombardment,0
bombastic,0
bondage,0
bonkers,0
bonkers,0
boredom,0
boring,0
bother,0
bothersome,0
boycott,0
boycott,0
braggart,0
bragger,0
brash,0
brashly,0
brashness,0
brat,0
bravado,0
brazen,0
brazenly,0
brazenly,0
brazenness,0
brazenness,0
breach,0
breach,0
break-point,0
break-point,0
brimstone,0
brimstone,0
brittle,0
broke,0
broken-hearted,0
bruise,0
brusque,0
brutal,0
brutalising,0
brutalising,0
brutalities,0
brutalities,0
brutality,0
brutalizing,0
brutally,0
brute,0
brutish,0
bulky,0
bullies,0
bullies,0
bully,0
bully,0
bullyingly,0
bum,0
bumpy,0
bunk,0
burden,0
burden,0
burdensome,0
busy,0
busybody,0
butchery,0
byzantine,0
calamities,0
calamitous,0
calamitously,0
calamity,0
callous,0
calumniation,0
calumnies,0
calumnious,0
calumniously,0
calumny,0
cancer,0
cancerous,0
cannibal,0
capricious,0
capriciously,0
capriciousness,0
captive,0
careless,0
carelessness,0
carnage,0
cartoon,0
cartoon,0
cash-strapped,0
cataclysm,0
cataclysmal,0
cataclysmic,0
cataclysmically,0
catastrophe,0
catastrophes,0
catastrophic,0
catastrophically,0
caustic,0
caustically,0
cautionary,0
cautious,0
censure,0
censure,0
chagrin,0
challenge,0
challenging,0
chaos,0
chaotic,0
charisma,0
cheap,0
cheat,0
cheerless,0
childish,0
chilly,0
choppy,0
chore,0
chronic,0
clamor,0
clamorous,0
clash,0
clash,0
cliche,0
cliched,0
clique,0
close,0
clumsy,0
coarse,0
cocky,0
coercion,0
coercive,0
cold,0
coldly,0
collapse,0
collusion,0
combative,0
comedy,0
comedy,0
comical,0
commonplace,0
commotion,0
commotion,0
complacent,0
complacent,0
complaining,0
complaining,0
complaint,0
complaints,0
complaints,0
complex,0
complicated,0
complication,0
complicit,0
compulsion,0
compulsive,0
compulsory,0
conceit,0
conceited,0
concern,0
concern,0
concerns,0
concerns,0
concession,0
concession,0
concessions,0
concessions,0
condescending,0
condescendingly,0
condescension,0
condemnable,0
condemnation,0
condolence,0
condolences,0
condolences,0
confession,0
confessions,0
confessions,0
conflict,0
conflict,0
confrontation,0
confrontation,0
confrontational,0
confusing,0
confusion,0
confusion,0
congested,0
congestion,0
conspicuous,0
conspicuous,0
conspiracies,0
conspiracies,0
conspiracy,0
conspiracy,0
conspirator,0
conspirator,0
conspiratorial,0
consternation,0
constraint,0
contagious,0
contamination,0
contempt,0
contemptible,0
contemptuous,0
contemptuously,0
contention,0
contentious,0
contentious,0
contortions,0
contortions,0
contradiction,0
contradictory,0
contrariness,0
contrary,0
contrived,0
controversial,0
controversial,0
controversy,0
controversy,0
convoluted,0
coping,0
coping,0
corrosion,0
corrosive,0
corrupt,0
corruption,0
costly,0
counterproductive,0
coupists,0
coupists,0
covetous,0
covetous,0
coward,0
cowardly,0
crackdown,0
crackdown,0
crafty,0
cramped,0
cranky,0
crass,0
cravenly,0
craze,0
crazily,0
craziness,0
crazy,0
credulous,0
crime,0
criminal,0
crippling,0
crisis,0
crisis,0
critic,0
criticism,0
criticism,0
criticisms,0
criticisms,0
critics,0
critics,0
crook,0
crooked,0
cross,0
crowded,0
crude,0
cruel,0
cruelties,0
cruelty,0
crushing,0
culpable,0
cuplrit,0
cumbersome,0
curse,0
cursed,0
cursed,0
curses,0
cursory,0
curt,0
cutthroat,0
cynical,0
cynicism,0
damage,0
damage,0
damaging,0
damn,0
damn,0
damnable,0
damnably,0
damnation,0
damned,0
damning,0
danger,0
danger,0
dangerous,0
dangerousness,0
dangerousness,0
dark,0
darkness,0
dastard,0
daunting,0
dauntingly,0
dazed,0
dead,0
deadbeat,0
deadlock,0
deadly,0
deadweight,0
deaf,0
dearth,0
death,0
debacle,0
debasement,0
debaser,0
debatable,0
debaucher,0
debauchery,0
debilitating,0
debility,0
decadence,0
decadent,0
decay,0
decayed,0
deceit,0
deceitful,0
deceitfully,0
deceitfulness,0
deceiving,0
deceiver,0
deceivers,0
deception,0
deception,0
deceptive,0
deceptive,0
deceptively,0
decline,0
declining,0
decrease,0
decreasing,0
decrement,0
decrepit,0
decrepitude,0
deep,0
deepening,0
deepening,0
defamation,0
defamations,0
defamatory,0
defeat,0
defect,0
defective,0
defensive,0
defiance,0
defiance,0
defiant,0
defiantly,0
deficiency,0
deficient,0
defiler,0
deformed,0
defrauding,0
defrauding,0
defunct,0
degenerate,0
degenerately,0
degeneration,0
degradation,0
degrading,0
degradingly,0
dehumanization,0
dejected,0
dejectedly,0
dejection,0
delinquency,0
delinquent,0
delirious,0
delirium,0
deluded,0
deluge,0
delusion,0
delusion,0
delusional,0
delusions,0
delusions,0
demeaning,0
demise,0
demolisher,0
demon,0
demonic,0
demoralizing,0
demoralizingly,0
denial,0
denunciation,0
denunciations,0
deplorable,0
deplorably,0
deploring,0
deploringly,0
depraved,0
depravedly,0
depressed,0
depressing,0
depresasing,0
depression,0
depression,0
deprived,0
derision,0
derisive,0
derisively,0
derisiveness,0
derogatory,0
desertion,0
desiccate,0
desiccated,0
desolate,0
desolately,0
desolation,0
despair,0
despairing,0
despairingly,0
desperate,0
desperation,0
despicable,0
despised,0
despised,0
despite,0
despoiler,0
despondence,0
despondency,0
despondent,0
despondently,0
despot,0
despotic,0
despotism,0
despotism,0
destabilisation,0
destabilisation,0
destitute,0
destitution,0
destroyer,0
destroyer,0
destruction,0
destructive,0
desultory,0
deteriorate,0
deteriorating,0
deteriorating,0
deterioration,0
deterrent,0
detestable,0
detestably,0
detraction,0
detriment,0
detrimental,0
devastated,0
devastating,0
devastatingly,0
devastation,0
deviate,0
deviate,0
deviation,0
devil,0
devilish,0
devilishly,0
devilment,0
devilry,0
devious,0
deviously,0
deviousness,0
devoid,0
diabolic,0
diabolical,0
diabolically,0
diametrically,0
diatribe,0
diatribes,0
dictator,0
dictatorial,0
difficult,0
difficulties,0
difficulties,0
difficulty,0
difficulty,0
diffidence,0
diffidence,0
dig,0
dilapidated,0
dilemma,0
dilemma,0
dim,0
diminishing,0
din,0
dinky,0
dire,0
direly,0
direness,0
dirt,0
dirty,0
disabled,0
disaccord,0
disadvantage,0
disadvantaged,0
disadvantageous,0
disadvantageous,0
disaffected,0
disagreement,0
disagreement,0
disappointed,0
disappointing,0
disappointment,0
disappointment,0
disapprobation,0
disapproval,0
disapproval,0
disapproving,0
disarray,0
disarray,0
disaster,0
disastrous,0
disastrously,0
disavowal,0
disbelief,0
disbeliever,0
discomfititure,0
discomfort,0
disconcerted,0
disconcerting,0
disconcertingly,0
disconsolate,0
disconsolately,0
disconsolation,0
discontent,0
discontent,0
discontented,0
discontentedly,0
discontinuity,0
discontinuity,0
discord,0
discordance,0
discordant,0
discountenance,0
discouragement,0
discouraging,0
discouragingly,0
discourteous,0
discourteously,0
discrepant,0
discrimination,0
discrimination,0
discriminatory,0
disdain,0
disdainful,0
disdainfully,0
disease,0
diseased,0
disgrace,0
disgraced,0
disgraceful,0
disgracefully,0
disgruntled,0
disgust,0
disgusted,0
disgustedly,0
disgustful,0
disgustfully,0
disgusting,0
disgustingly,0
disheartening,0
dishearteningly,0
dishonest,0
dishonest,0
dishonestly,0
dishonesty,0
dishonor,0
dishonorable,0
dishonorablely,0
disillusion,0
disillusioned,0
disinclination,0
disinclined,0
disingenuous,0
disingenuously,0
disinterested,0
disintegration,0
disinterest,0
disinterested,0
dislocated,0
disloyal,0
disloyal,0
disloyalty,0
dismal,0
dismally,0
dismalness,0
dismay,0
dismayed,0
dismaying,0
dismayingly,0
dismissive,0
dismissive,0
dismissively,0
disobedience,0
disobedient,0
disorder,0
disordered,0
disorderly,0
disorganized,0
disoriented,0
disparaging,0
disparagingly,0
dispensable,0
dispirited,0
dispiritedly,0
displaced,0
displeasing,0
displeasure,0
displeasure,0
disproportionate,0
disputable,0
dispute,0
disputed,0
disquieting,0
disquietingly,0
disquietude,0
disregard,0
disregard,0
disregardful,0
disreputable,0
disrepute,0
disrespectable,0
disrespectablity,0
disrespectful,0
disrespectfully,0
disrespectfulness,0
disrespecting,0
disrespecting,0
disruption,0
disruption,0
disruptive,0
dissatisfaction,0
dissatisfaction,0
dissatisfactory,0
dissatisfied,0
dissembler,0
dissension,0
dissent,0
dissent,0
dissenter,0
dissention,0
disservice,0
disservice,0
dissidence,0
dissident,0
dissident,0
dissidents,0
dissidents,0
dissocial,0
dissolute,0
dissolution,0
dissonance,0
dissonant,0
dissonantly,0
dissuasive,0
distaste,0
distasteful,0
distastefully,0
distortion,0
distortion,0
distracting,0
distraction,0
distraction,0
distraught,0
distraughtly,0
distraughtness,0
distressed,0
distressing,0
distressingly,0
distrustful,0
distrusting,0
disturbed,0
disturbed-let,0
disturbed-let,0
disturbing,0
disturbingly,0
disunity,0
disvalue,0
divergent,0
divided,0
division,0
divisive,0
divisively,0
divisiveness,0
divorce,0
divorced,0
dizzy,0
dizzing,0
dizzingly,0
doddering,0
dodgey,0
dogged,0
doggedly,0
dogmatic,0
doldrums,0
dominance,0
dominance,0
domination,0
domination,0
domineering,0
domineering,0
doomsday,0
doomsday,0
dope,0
doubt,0
doubtful,0
doubtfully,0
doubts,0
doubts,0
down,0
downbeat,0
downcast,0
downer,0
downfall,0
downfallen,0
downhearted,0
downheartedly,0
downside,0
drab,0
draconian,0
draconic,0
dragon,0
dragons,0
dragons,0
drain,0
drain,0
drama,0
drama,0
drastic,0
drastically,0
dread,0
dreadful,0
dreadfully,0
dreadfulness,0
dreary,0
drones,0
drones,0
drought,0
drought,0
drowning,0
drunk,0
drunkard,0
drunken,0
dubious,0
dubiously,0
dubitable,0
dud,0
dull,0
dullard,0
dumb,0
dumb,0
dumbfounded,0
dummy,0
dump,0
dunce,0
dungeon,0
dungeons,0
dungeons,0
dusty,0
dwindling,0
dying,0
earsplitting,0
eccentric,0
eccentricity,0
edgy,0
effigy,0
effrontery,0
ego,0
ego,0
egocentric,0
egomania,0
egotism,0
egotistical,0
egotistically,0
egregious,0
egregiously,0
election-rigger,0
election-rigger,0
elimination,0
emaciated,0
embarrassing,0
embarrassingly,0
embarrassment,0
embattled,0
embroiled,0
embroilment,0
emotional,0
empathy,0
emphatic,0
emphatically,0
emptiness,0
emptiness,0
empty,0
encroachment,0
endless,0
enemies,0
enemies,0
enemy,0
enmity,0
enormities,0
enormity,0
enormous,0
enormously,0
enraged,0
entanglement,0
entrapment,0
envious,0
enviously,0
enviousness,0
envy,0
epidemic,0
equivocal,0
erosion,0
errant,0
erratic,0
erratically,0
erroneous,0
erroneously,0
error,0
error,0
escapade,0
esoteric,0
estranged,0
eternal,0
evasion,0
evasive,0
evil,0
evil,0
evildoer,0
evils,0
evils,0
exacting,0
exaggeration,0
exaggeration,0
exasperation,0
exasperating,0
excessive,0
excessively,0
exclusion,0
excruciating,0
excruciatingly,0
excuse,0
excuse,0
excuses,0
excuses,0
exhaustion,0
exorbitant,0
exorbitantance,0
exorbitantly,0
expedient,0
expediencies,0
expediencies,0
expensive,0
expensive,0
exploitation,0
exploitation,0
exposed,0
explosive,0
expropriate,0
expropriate,0
expropriation,0
expropriation,0
extermination,0
extortion,0
extraneous,0
extravagance,0
extravagant,0
extravagantly,0
extreme,0
extreme,0
extremely,0
extremism,0
extremism,0
extremist,0
extremists,0
extremists,0
fabrication,0
facetious,0
facetiously,0
fading,0
failing,0
failure,0
failure,0
failures,0
failures,0
faint,0
fainthearted,0
faithless,0
fake,0
fallacies,0
fallacies,0
fallacious,0
fallaciously,0
fallaciousness,0
fallacy,0
fallout,0
FALSE,0
FALSE,0
falsehood,0
falsely,0
famine,0
famished,0
fanatic,0
fanatical,0
fanatically,0
fanaticism,0
fanatics,0
fanciful,0
far-fetched,0
farfetched,0
farce,0
farcical,0
farcical-yet-provocative,0
farcically,0
fascism,0
fascism,0
fascist,0
fastidious,0
fastidiously,0
fastuous,0
fat,0
fatal,0
fatalistic,0
fatalistically,0
fatally,0
fateful,0
fatefully,0
fathomless,0
fatigue,0
fatty,0
fatuity,0
fatuous,0
fatuously,0
faulty,0
fawningly,0
fear,0
fearful,0
fearfully,0
fears,0
fears,0
fearsome,0
feckless,0
feeble,0
feeblely,0
feebleminded,0
feint,0
fell,0
felon,0
felonious,0
ferocious,0
ferociously,0
ferocity,0
feverish,0
fetid,0
fever,0
fiasco,0
fiat,0
fiat,0
fib,0
fibber,0
fickle,0
fiction,0
fiction,0
fictional,0
fictitious,0
fidgety,0
fiend,0
fiendish,0
fierce,0
fight,0
fight,0
figurehead,0
figurehead,0
filth,0
filthy,0
fissures,0
fissures,0
fist,0
flabbergasted,0
flagging,0
flagrant,0
flagrantly,0
flak,0
flak,0
flake,0
flakey,0
flaky,0
flash,0
flash,0
flat-out,0
flaw,0
flaw,0
flaws,0
flawed,0
flawed,0
fleeting,0
flighty,0
flimflam,0
flimsy,0
floundering,0
foe,0
foolhardy,0
foolishly,0
foolishness,0
forbid,0
forbidden,0
forbidding,0
forbidding,0
forceful,0
foreboding,0
forebodingly,0
forged,0
forgetful,0
forgetfully,0
forgetfulness,0
forlorn,0
forlornly,0
formidable,0
forsaken,0
foul,0
foul,0
foully,0
foulness,0
fractious,0
fractiously,0
fracture,0
fragile,0
fragile,0
fragmented,0
frail,0
frantic,0
frantically,0
franticly,0
fraud,0
fraud,0
fraudulent,0
fraught,0
fraught,0
freak,0
freakish,0
freakish,0
freakishly,0
frazzle,0
frazzled,0
frenetic,0
frenetically,0
frenzied,0
frenzy,0
fretful,0
friction,0
friction,0
frictions,0
frictions,0
friggin,0
fright,0
frightening,0
frighteningly,0
frighteningly,0
frightful,0
frightfully,0
frigid,0
frivolous,0
frown,0
frown,0
frozen,0
fruitless,0
fruitlessly,0
frustrated,0
frustrating,0
frustrating,0
frustratingly,0
frustration,0
fudge,0
fudge,0
fugitive,0
full-blown,0
fundamentalism,0
fundamentalism,0
furious,0
furiously,0
furor,0
fury,0
fuss,0
fuss,0
fussy,0
fusty,0
futile,0
futilely,0
futility,0
fuzzy,0
gaff,0
gaffe,0
gainsayer,0
gaga,0
galling,0
gallingly,0
gamble,0
game,0
garbage,0
garbage,0
garish,0
gasp,0
gasp,0
gauche,0
gaudy,0
gawky,0
genocide,0
genocide,0
get-rich,0
get-rich,0
ghastly,0
ghetto,0
gibberish,0
glare,0
glaring,0
glaringly,0
glib,0
glibly,0
glitch,0
gloatingly,0
gloom,0
gloomy,0
glum,0
glut,0
gnawing,0
goading,0
god-awful,0
goddam,0
goddamn,0
goof,0
gossip,0
gossip,0
graceless,0
gracelessly,0
graft,0
grandiose,0
grating,0
gratuitous,0
gratuitous,0
grave,0
gravely,0
greed,0
greedy,0
grief,0
grievance,0
grievances,0
grievances,0
grieving,0
grievous,0
grievously,0
grim,0
grind,0
grind,0
gripe,0
grisly,0
gritty,0
gross,0
grossly,0
grotesque,0
grouch,0
grouchy,0
groundless,0
grudges,0
grudges,0
grudging,0
gruesome,0
gruesomely,0
gruff,0
guile,0
guilt,0
guilty,0
guiltily,0
gullible,0
haggard,0
halfhearted,0
halfheartedly,0
hallucination,0
hamstring,0
hamstrung,0
handicapped,0
hapless,0
haphazard,0
harangue,0
harassment,0
harassment,0
harboring,0
harboring,0
harbors,0
harbors,0
hard,0
hard-hit,0
hard-line,0
hard-liner,0
hardball,0
hardball,0
hardened,0
hardheaded,0
hardhearted,0
hardliner,0
hardliners,0
hardliners,0
hardly,0
hardship,0
hardships,0
hardships,0
harm,0
harm,0
harmful,0
harms,0
harms,0
harpy,0
harridan,0
harried,0
harsh,0
hassle,0
haste,0
haste,0
hasty,0
hasty,0
hater,0
hateful,0
hatefully,0
hatefulness,0
haughtily,0
haughty,0
hatred,0
haunting,0
havoc,0
hawkish,0
hawkish,0
hazard,0
hazardous,0
hazy,0
headache,0
headaches,0
headaches,0
heartbreak,0
heartbreaker,0
heartbreaking,0
heartbreakingly,0
heartless,0
heartrending,0
heathen,0
heathen,0
heavily,0
heavy-handed,0
heavyhearted,0
heck,0
heck,0
hectic,0
hedonistic,0
heedless,0
hegemonism,0
hegemonism,0
hegemonistic,0
hegemony,0
hegemony,0
hegemony,0
heinous,0
hell,0
hell-bent,0
helpless,0
helplessly,0
helplessness,0
heresy,0
heretic,0
heretical,0
hesitant,0
hideous,0
hideously,0
hideousness,0
hindrance,0
hole,0
hollow,0
hopeless,0
hopelessly,0
hopelessness,0
horde,0
horrendous,0
horrendously,0
horrible,0
horribly,0
horrid,0
horrific,0
horrifically,0
horrify,0
horrifying,0
horrifyingly,0
horror,0
horrors,0
hostage,0
hostile,0
hostile,0
hostilities,0
hostilities,0
hostility,0
hostility,0
hothead,0
hotheaded,0
hotbeds,0
hotbeds,0
hothouse,0
hothouse,0
hubris,0
huckster,0
humbling,0
humiliating,0
humiliation,0
hungry,0
hurt,0
hurtful,0
hustler,0
hypocrisy,0
hypocrite,0
hypocrites,0
hypocritical,0
hypocritically,0
hysteria,0
hysteric,0
hysterical,0
hysterically,0
hysterics,0
icy,0
idiocies,0
idiocy,0
idiot,0
idiotic,0
idiotically,0
idiots,0
idle,0
ignoble,0
ignominious,0
ignominiously,0
ignominy,0
ignorance,0
ignorance,0
ignorant,0
ignorant,0
ill,0
ill,0
ill-advised,0
ill-conceived,0
ill-fated,0
ill-favored,0
ill-mannered,0
ill-natured,0
ill-sorted,0
ill-tempered,0
ill-treated,0
ill-treatment,0
ill-treatment,0
ill-usage,0
ill-used,0
illegal,0
illegally,0
illegitimate,0
illicit,0
illiquid,0
illiterate,0
illness,0
illogic,0
illogical,0
illogically,0
illusion,0
illusion,0
illusions,0
illusions,0
illusory,0
imaginary,0
imbalance,0
imbalance,0
imbecile,0
imbroglio,0
immaterial,0
immature,0
imminence,0
imminent,0
imminently,0
immobilized,0
immoderate,0
immoderately,0
immodest,0
immoral,0
immorality,0
immorally,0
immovable,0
impaired,0
impasse,0
impatience,0
impatient,0
impatiently,0
impedance,0
impediment,0
impending,0
impending,0
impenitent,0
imperfect,0
imperfectly,0
imperialist,0
imperious,0
imperiously,0
impermissible,0
impersonal,0
impertinent,0
impetuous,0
impetuously,0
impiety,0
impious,0
implacable,0
implausible,0
implausibly,0
implication,0
implication,0
impolite,0
impolitely,0
impolitic,0
importunate,0
imposers,0
imposers,0
imposing,0
imposing,0
imposition,0
imposition,0
impossible,0
impossiblity,0
impossibly,0
impotent,0
impotent,0
impoverished,0
impractical,0
impractical,0
imprecise,0
imprecisely,0
imprecision,0
improbability,0
improbable,0
improbably,0
improper,0
improperly,0
impropriety,0
imprudence,0
imprudent,0
impudence,0
impudent,0
impudently,0
impulsive,0
impulsively,0
impunity,0
impunity,0
impure,0
impurity,0
inability,0
inability,0
inaccessible,0
inaccuracy,0
inaccuracies,0
inaccurate,0
inaccurately,0
inaction,0
inactive,0
inadequacy,0
inadequate,0
inadequately,0
inadverent,0
inadverently,0
inadvisable,0
inadvisably,0
inane,0
inanely,0
inappropriate,0
inappropriately,0
inapt,0
inaptitude,0
inarticulate,0
inattentive,0
incapable,0
incapably,0
incautious,0
incendiary,0
incessant,0
incessantly,0
incitement,0
incitement,0
incivility,0
inclement,0
incognizant,0
incoherence,0
incoherent,0
incoherently,0
incommensurate,0
incomparable,0
incomparably,0
incompatibility,0
incompatible,0
incompatible,0
incompetence,0
incompetent,0
incompetently,0
incomplete,0
incompliant,0
incomprehensible,0
incomprehension,0
inconceivable,0
inconceivably,0
inconclusive,0
incongruous,0
incongruously,0
inconsequent,0
inconsequently,0
inconsequential,0
inconsequentially,0
inconsiderate,0
inconsiderately,0
inconsistence,0
inconsistencies,0
inconsistencies,0
inconsistency,0
inconsistent,0
inconsolable,0
inconsolably,0
inconstant,0
inconvenience,0
inconvenience,0
inconvenient,0
inconveniently,0
incorrect,0
incorrectly,0
incorrigible,0
incorrigibly,0
incredulous,0
incredulously,0
indecency,0
indecent,0
indecently,0
indecision,0
indecisive,0
indecisively,0
indecorum,0
indefensible,0
indefensible,0
indefinite,0
indefinitely,0
indelicate,0
indeterminable,0
indeterminably,0
indeterminate,0
indifference,0
indifferent,0
indigent,0
indignant,0
indignantly,0
indignation,0
indignity,0
indignity,0
indiscernible,0
indiscreet,0
indiscreet,0
indiscreetly,0
indiscriminate,0
indiscriminating,0
indiscriminately,0
indisposed,0
indistinct,0
indistinctive,0
indoctrination,0
indoctrination,0
indolent,0
ineffective,0
ineffectively,0
ineffectiveness,0
ineffectual,0
ineffectually,0
ineffectualness,0
inefficacious,0
inefficacious,0
inefficacy,0
inefficiency,0
inefficient,0
inefficiently,0
ineligible,0
inelegance,0
inelegant,0
ineloquent,0
ineloquently,0
inept,0
ineptitude,0
ineptly,0
inequalities,0
inequalities,0
inequality,0
inequality,0
inequitable,0
inequitably,0
inequities,0
inequities,0
inertia,0
inertia,0
inescapable,0
inescapably,0
inessential,0
inevitable,0
inevitable,0
inevitably,0
inexact,0
inexcusable,0
inexcusably,0
inexorable,0
inexorably,0
inexperience,0
inexperienced,0
inexpert,0
inexpertly,0
inexpiable,0
inexplainable,0
inexplicable,0
inextricable,0
inextricably,0
infamous,0
infamously,0
infamy,0
infected,0
inferior,0
inferiority,0
infernal,0
infested,0
infidel,0
infidels,0
infiltrator,0
infiltrators,0
infiltrators,0
infirm,0
inflammatory,0
inflated,0
inflationary,0
inflexible,0
infraction,0
infringement,0
infringements,0
infringements,0
infuriated,0
infuriating,0
infuriatingly,0
inglorious,0
ingrate,0
ingratitude,0
inhibition,0
inhospitable,0
inhospitality,0
inhuman,0
inhumane,0
inhumanity,0
inimical,0
inimically,0
iniquitous,0
iniquity,0
injudicious,0
injurious,0
injury,0
injustice,0
injustice,0
injustices,0
injustices,0
innuendo,0
innuendo,0
inopportune,0
inordinate,0
inordinately,0
insane,0
insanely,0
insanity,0
insatiable,0
insecure,0
insecurity,0
insecurity,0
insensible,0
insensitive,0
insensitively,0
insensitivity,0
insensitivity,0
insidious,0
insidiously,0
insignificance,0
insignificant,0
insignificantly,0
insincere,0
insincerely,0
insincerity,0
insinuating,0
insinuation,0
insinuation,0
insociable,0
isolation,0
insolence,0
insolence,0
insolent,0
insolently,0
insolvent,0
insouciance,0
instability,0
instable,0
instigator,0
instigators,0
insubordinate,0
insubstantial,0
insubstantially,0
insufferable,0
insufferably,0
insufficiency,0
insufficient,0
insufficiently,0
insular,0
insult,0
insulted,0
insulting,0
insulting,0
insultingly,0
insupportable,0
insupportably,0
insurmountable,0
insurmountably,0
insurrection,0
insurrection,0
interference,0
interference,0
intermittent,0
interruption,0
intimidating,0
intimidatingly,0
intimidation,0
intimidation,0
intolerable,0
intolerablely,0
intolerance,0
intolerance,0
intolerant,0
intractable,0
intransigence,0
intransigence,0
intransigent,0
intrusion,0
intrusive,0
inundated,0
invader,0
invader,0
invalid,0
invalidity,0
invasive,0
invective,0
invidious,0
invidiously,0
invidiousness,0
involuntarily,0
involuntary,0
irate,0
irately,0
ire,0
irksome,0
ironic,0
ironies,0
ironies,0
irony,0
irrational,0
irrationality,0
irrationally,0
irreconcilable,0
irredeemable,0
irredeemably,0
irreformable,0
irregular,0
irregularity,0
irrelevance,0
irrelevant,0
irreparable,0
irreplacible,0
irrepressible,0
irresolute,0
irresolvable,0
irresponsible,0
irresponsibly,0
irretrievable,0
irreverence,0
irreverent,0
irreverently,0
irreversible,0
irreversible,0
irritable,0
irritably,0
irritant,0
irritated,0
irritating,0
irritation,0
irritation,0
isolated,0
isolation,0
jaded,0
jam,0
jaundiced,0
jealous,0
jealously,0
jealousness,0
jealousy,0
jeer,0
jeers,0
jeopardy,0
jittery,0
jobless,0
joker,0
jumpy,0
junk,0
junky,0
juvenile,0
kaput,0
keen,0
kick,0
kick,0
killer,0
killer,0
killjoy,0
knave,0
knock,0
kook,0
kooky,0
lack,0
lack,0
lackadaisical,0
lackey,0
lackeys,0
lackeys,0
lacking,0
laconic,0
lame,0
lame-duck,0
lamentable,0
lamentably,0
languid,0
lanky,0
languor,0
languorous,0
languorously,0
lapse,0
lascivious,0
last-ditch,0
last-ditch,0
laugh,0
laughable,0
laughably,0
laughingstock,0
laughter,0
lawbreaker,0
lawbreaking,0
lawless,0
lawlessness,0
lawlessness,0
lax,0
lax,0
lazy,0
leakage,0
leaky,0
least,0
lech,0
lecher,0
lecher,0
lecherous,0
lechery,0
lecture,0
leech,0
leech,0
leer,0
leery,0
left-leaning,0
less,0
less-developed,0
lesser,0
lesser-known,0
letch,0
lethal,0
lethargic,0
lethargy,0
lewd,0
lewdly,0
lewdness,0
liable,0
liability,0
liability,0
liar,0
liar,0
liars,0
liars,0
licentious,0
licentiously,0
licentiousness,0
lie,0
lie,0
lie,0
lier,0
lies,0
lies,0
life-threatening,0
lifeless,0
limit,0
limitation,0
limited,0
limp,0
listless,0
litigious,0
little,0
little-known,0
livid,0
lividly,0
loath,0
loathe,0
loathing,0
loathly,0
loathsome,0
loathsomely,0
lone,0
lone,0
loneliness,0
lonely,0
lonesome,0
longing,0
longingly,0
loophole,0
loopholes,0
loopholes,0
loot,0
lorn,0
losing,0
losing,0
loser,0
loss,0
lost,0
lousy,0
loveless,0
lovelorn,0
low,0
low-rated,0
lowly,0
ludicrous,0
ludicrously,0
lukewarm,0
lunatic,0
lunatic,0
lunaticism,0
lurid,0
lurking,0
lying,0
macabre,0
mad,0
maddening,0
maddeningly,0
madder,0
madder,0
madly,0
madman,0
madness,0
maladjusted,0
maladjustment,0
malady,0
malaise,0
malcontent,0
malcontent,0
malcontented,0
maledict,0
malevolence,0
malevolent,0
malevolently,0
malice,0
malicious,0
maliciously,0
maliciousness,0
malign,0
malignant,0
malodorous,0
maltreatment,0
maltreatment,0
maneuver,0
maneuver,0
mania,0
maniac,0
maniacal,0
manic,0
manipulation,0
manipulation,0
manipulative,0
manipulators,0
manipulators,0
mar,0
marginal,0
marginally,0
martyrdom,0
martyrdom-seeking,0
massacre,0
massacres,0
maverick,0
mawkish,0
mawkishly,0
mawkishness,0
maxi-devaluation,0
maxi-devaluation,0
meager,0
mean,0
meaningless,0
meanness,0
mediocre,0
mediocrity,0
melancholy,0
melodramatic,0
melodramatically,0
menace,0
menacing,0
menacingly,0
mendacious,0
mendacity,0
menial,0
merciless,0
mercilessly,0
mere,0
mess,0
mess,0
messy,0
midget,0
midget,0
militancy,0
militancy,0
mindless,0
mindlessly,0
mirage,0
mirage,0
mire,0
misbecoming,0
misbegotten,0
misbehavior,0
miscalculation,0
miscalculation,0
mischief,0
mischief,0
mischievous,0
mischievously,0
misconception,0
misconceptions,0
misconceptions,0
miscreant,0
miscreants,0
misdirection,0
miser,0
miserly,0
miserable,0
miserableness,0
miserably,0
miseries,0
misery,0
misery,0
misfit,0
misfortune,0
misgiving,0
misgivings,0
misguidance,0
misguided,0
mishap,0
misinformed,0
misjudgment,0
mislead,0
misleading,0
misreading,0
misreading,0
misstatement,0
mistake,0
mistake,0
mistakes,0
mistakes,0
mistrust,0
mistrust,0
misunderstand,0
misunderstood,0
misunderstanding,0
misunderstanding,0
misunderstanding,0
misunderstandings,0
misunderstandings,0
mock,0
mockeries,0
mockery,0
mocking,0
mockingly,0
molestation,0
monotonous,0
monotony,0
monster,0
monstrosities,0
monstrosity,0
monstrous,0
monstrously,0
moody,0
moot,0
morbid,0
morbidly,0
mordant,0
mordantly,0
moribund,0
mortification,0
mortified,0
mortifying,0
mortifying,0
motionless,0
motley,0
mourner,0
mournful,0
mournfully,0
muddy,0
mudslinger,0
mudslinging,0
mulish,0
multi-polarization,0
multi-polarization,0
mundane,0
murder,0
murderous,0
murderously,0
murky,0
muscle-flexing,0
mysterious,0
mysteriously,0
mystery,0
mistified,0
myth,0
myth,0
naive,0
naively,0
narrow,0
narrower,0
narrower,0
nastily,0
nastiness,0
nasty,0
nationalism,0
nationalism,0
naughty,0
nauseating,0
nauseatingly,0
nebulous,0
nebulous,0
nebulously,0
need,0
need,0
needless,0
needlessly,0
needy,0
nefarious,0
nefariously,0
negation,0
negative,0
neglect,0
neglected,0
negligent,0
negligence,0
negligible,0
nemesis,0
nettlesome,0
nervous,0
nervously,0
nervousness,0
neurotic,0
neurotically,0
nightmare,0
nightmarish,0
nightmarishly,0
noisy,0
non-confidence,0
non-confidence,0
nonexistent,0
nonsense,0
nosey,0
notorious,0
notoriously,0
nuisance,0
nuisance,0
obese,0
obese,0
objection,0
objection,0
objectionable,0
objections,0
objections,0
oblique,0
obliterated,0
oblivious,0
oblivious,0
obnoxious,0
obnoxiously,0
obscene,0
obscenely,0
obscenity,0
obscure,0
obsession,0
obsessions,0
obsessive,0
obsessively,0
obsessiveness,0
obsolete,0
obstacle,0
obstacle,0
obstinate,0
obstinately,0
obstruction,0
obtrusive,0
obtuse,0
obviously,0
odd,0
oddities,0
oddities,0
oddity,0
oddly,0
offence,0
offence,0
offend,0
offending,0
offenses,0
offenses,0
offensive,0
offensive,0
offensively,0
offensiveness,0
officious,0
ominous,0
ominously,0
omission,0
one-side,0
one-sided,0
onerous,0
onerously,0
onslaught,0
onslaught,0
opinionated,0
opponent,0
opportunistic,0
opposition,0
opposition,0
oppositions,0
oppositions,0
oppression,0
oppression,0
oppressive,0
oppressively,0
oppressiveness,0
oppressors,0
oppressors,0
orphan,0
outbreak,0
outburst,0
outburst,0
outbursts,0
outbursts,0
outcast,0
outcry,0
outdated,0
outlaw,0
outmoded,0
outrage,0
outraged,0
outrageous,0
outrageously,0
outrageousness,0
outrages,0
outsider,0
over-acted,0
over-valuation,0
over-valuation,0
overacted,0
overbalanced,0
overbearing,0
overbearingly,0
overblown,0
overdone,0
overdue,0
overkill,0
oversight,0
oversimplification,0
oversimplified,0
oversized,0
overstatement,0
overstatement,0
overstatements,0
overtaxed,0
overwhelming,0
overwhelmingly,0
overworked,0
overzealous,0
overzealously,0
pain,0
pain,0
painful,0
painfully,0
pains,0
pains,0
pale,0
pale,0
paltry,0
pandemonium,0
panic,0
panicky,0
paradoxical,0
paradoxically,0
paralize,0
paralyzed,0
paranoia,0
paranoid,0
parasite,0
pariah,0
partiality,0
partiality,0
partisan,0
partisan,0
partisans,0
partisans,0
passe,0
passive,0
passive,0
passiveness,0
passiveness,0
pathetic,0
pathetically,0
paucity,0
paucity,0
pauper,0
paupers,0
paupers,0
payback,0
payback,0
peculiar,0
pedantic,0
pedestrian,0
peeved,0
peevish,0
peevishly,0
penalty,0
penalty,0
perfidious,0
perfidity,0
perfunctory,0
perfunctory,0
peril,0
perilous,0
perilously,0
peripheral,0
pernicious,0
perplexed,0
perplexing,0
perplexity,0
persecution,0
persecution,0
pertinacious,0
pertinaciously,0
pertinacity,0
perturbed,0
perverse,0
perversely,0
perversion,0
perversity,0
perverted,0
pessimism,0
pessimistic,0
pessimistically,0
pest,0
pestilent,0
petrified,0
petty,0
phobia,0
phobic,0
phony,0
picky,0
pillage,0
pinch,0
pitiable,0
pitiful,0
pitifully,0
pitiless,0
pitilessly,0
pittance,0
pity,0
plague,0
plague,0
plaything,0
plaything,0
plea,0
pleas,0
pleas,0
plebeian,0
plight,0
plotters,0
plotters,0
ploy,0
ploy,0
plunderer,0
pointless,0
pointlessly,0
poison,0
poison,0
poisonous,0
poisonously,0
polarisation,0
polarisation,0
polluter,0
polluter,0
polluters,0
polluters,0
polution,0
pompous,0
poor,0
poorly,0
posturing,0
posturing,0
poverty,0
powerless,0
pratfall,0
precarious,0
precariously,0
precipitous,0
predatory,0
predicament,0
prejudice,0
prejudice,0
prejudicial,0
premeditated,0
preposterous,0
preposterously,0
pressing,0
pressing,0
presumptuous,0
presumptuously,0
pretence,0
pretence,0
pretend,0
pretense,0
pretense,0
pretentious,0
pretentiously,0
pricey,0
prickles,0
prickles,0
prideful,0
primitive,0
primitive,0
prison,0
prisoner,0
problem,0
problematic,0
problematic,0
problems,0
problems,0
procrastination,0
profane,0
profanity,0
prohibitive,0
prohibitively,0
propaganda,0
propaganda,0
proscription,0
proscription,0
proscriptions,0
proscriptions,0
protest,0
protest,0
protests,0
protests,0
protracted,0
provocation,0
provocation,0
provocative,0
provocative,0
pugnacious,0
pugnaciously,0
pugnacity,0
punch,0
punch,0
punishable,0
punitive,0
punitive,0
puny,0
puppet,0
puppet,0
puppets,0
puppets,0
puzzled,0
puzzlement,0
puzzling,0
qualms,0
qualms,0
quandary,0
quarrel,0
quarrel,0
quarrellous,0
quarrellously,0
quarrels,0
quarrelsome,0
queer,0
questionable,0
quitter,0
racism,0
racism,0
racist,0
racist,0
racist,0
racists,0
racists,0
radical,0
radical,0
radical,0
radicalization,0
radicalization,0
radically,0
radicals,0
rage,0
ragged,0
raging,0
rampant,0
ramshackle,0
rancor,0
rank,0
ranting,0
rantingly,0
rascal,0
rash,0
rat,0
raving,0
reactionary,0
rebellious,0
recalcitrant,0
recession,0
recessionary,0
reckless,0
recklessly,0
recklessness,0
recourses,0
recourses,0
redundancy,0
redundant,0
refusal,0
refusal,0
refuse,0
refutation,0
refutation,0
regression,0
regressive,0
regret,0
regret,0
regretful,0
regretfully,0
regrettable,0
regrettably,0
rejection,0
rejection,0
relentless,0
relentlessly,0
relentlessness,0
reluctance,0
reluctance,0
reluctant,0
reluctantly,0
remorse,0
remorseful,0
remorsefully,0
remorseless,0
remorselessly,0
remorselessness,0
renunciation,0
repetitive,0
reprehensible,0
reprehensibly,0
reprehension,0
reprehensive,0
repression,0
repression,0
repressive,0
reproach,0
reproach,0
reproachful,0
reprovingly,0
repudiation,0
repudiation,0
repugnance,0
repugnant,0
repugnantly,0
repulsed,0
repulsing,0
repulsive,0
repulsively,0
repulsiveness,0
resentful,0
resentment,0
resentment,0
reservations,0
reservations,0
resigned,0
resistance,0
resistance,0
resistant,0
resistant,0
restless,0
restlessness,0
restricted,0
restriction,0
restrictive,0
retaliatory,0
reticent,0
retreat,0
revenge,0
revengeful,0
revengefully,0
reviled,0
revolting,0
revoltingly,0
revulsion,0
revulsive,0
rhetoric,0
rhetoric,0
rhetorical,0
rhetorical,0
ridicule,0
ridiculous,0
ridiculously,0
rife,0
rift,0
rift,0
rifts,0
rifts,0
rigid,0
rigor,0
rigorous,0
riled,0
risk,0
risk,0
risky,0
rival,0
rivalry,0
roadblocks,0
roadblocks,0
rocky,0
rogue,0
rogue,0
rollercoaster,0
rollercoaster,0
rot,0
rotten,0
rough,0
rubbish,0
rude,0
rue,0
ruffian,0
ruin,0
ruin,0
ruinous,0
rumbling,0
rumbling,0
rumor,0
rumor,0
rumors,0
rumors,0
rumours,0
rumours,0
run-down,0
runaway,0
rupture,0
rusty,0
ruthless,0
ruthlessly,0
ruthlessness,0
sacrifice,0
sacrifice,0
sad,0
sadly,0
sadness,0
salacious,0
sanctimonious,0
sanctimonious,0
sarcasm,0
sarcastic,0
sarcastically,0
sardonic,0
sardonically,0
sass,0
satirical,0
savage,0
savage,0
savaged,0
savagely,0
savagery,0
savages,0
scandal,0
scandal,0
scandalized,0
scandalous,0
scandalously,0
scandals,0
scant,0
scapegoat,0
scar,0
scarred,0
scarce,0
scarcely,0
scarcity,0
scared,0
scarier,0
scariest,0
scarily,0
scars,0
scars,0
scary,0
scary,0
scathing,0
scathingly,0
scheme,0
scheming,0
scoffingly,0
scolding,0
scoldingly,0
scorching,0
scorchingly,0
scornful,0
scornfully,0
scoundrel,0
scourge,0
scowl,0
screech,0
scum,0
scummy,0
second-class,0
second-tier,0
secretive,0
secretive,0
sedentary,0
seedy,0
seething,0
self-coup,0
self-coup,0
self-criticism,0
self-criticism,0
self-defeating,0
self-destructive,0
self-humiliation,0
self-humiliation,0
self-interest,0
self-interest,0
self-interested,0
self-serving,0
self-serving,0
selfinterested,0
selfish,0
selfishly,0
selfishness,0
senile,0
senseless,0
senselessly,0
serious,0
seriously,0
seriousness,0
servitude,0
set-up,0
set-up,0
sever,0
severe,0
severe,0
severely,0
severity,0
shabby,0
shadowy,0
shady,0
shaky,0
shallow,0
sham,0
shambles,0
shame,0
shameful,0
shameful,0
shamefully,0
shamefully,0
shamefulness,0
shameless,0
shamelessly,0
shamelessness,0
shark,0
sharp,0
sharply,0
sheer,0
shirker,0
shipwreck,0
shock,0
shock,0
shocking,0
shockingly,0
shoddy,0
short-lived,0
shortage,0
shortcoming,0
shortcomings,0
shortsighted,0
shortsightedness,0
showdown,0
showdown,0
shred,0
shrew,0
shrill,0
shrill,0
shrilly,0
shrouded,0
shrug,0
shunned,0
shy,0
shyly,0
shyness,0
sick,0
sickly,0
sickening,0
sickening,0
sickeningly,0
sickness,0
sidetracked,0
siege,0
sillily,0
silly,0
simplistic,0
simplistic,0
simplistically,0
sin,0
sin,0
sinful,0
sinfully,0
sinister,0
sinisterly,0
sinking,0
sinking,0
skeletons,0
skeletons,0
skeptical,0
skeptical,0
skeptically,0
skepticism,0
skepticism,0
sketchy,0
skimpy,0
skittish,0
skittishly,0
slack,0
slander,0
slanderer,0
slanderous,0
slanderously,0
slanders,0
slanders,0
slashing,0
slashing,0
slaughter,0
slaughter,0
slaughtered,0
slaves,0
slaves,0
sleazy,0
slight,0
slight,0
slightly,0
slime,0
sloppy,0
sloppily,0
sloth,0
slothful,0
slow,0
slowly,0
slow-moving,0
slug,0
sluggish,0
slump,0
slump,0
slur,0
sly,0
smack,0
smack,0
smash,0
smokescreen,0
smokescreen,0
smoldering,0
smouldering,0
smug,0
smugly,0
smut,0
smuttier,0
smuttiest,0
smutty,0
snare,0
snarl,0
sneak,0
sneakily,0
sneaky,0
sneer,0
sneering,0
sneeringly,0
so-cal,0
so-called,0
sober,0
sobering,0
solemn,0
solemn,0
somber,0
sore,0
sore,0
sorely,0
soreness,0
sorrow,0
sorrowful,0
sorrowfully,0
sorry,0
sounding,0
sour,0
sourly,0
spade,0
spade,0
spilling,0
spilling,0
spinster,0
spiritless,0
spite,0
spiteful,0
spitefully,0
spitefulness,0
split,0
splitting,0
spookier,0
spookiest,0
spookily,0
spooky,0
spooky,0
spoon-fed,0
spoonfed,0
sporadic,0
spot,0
spotty,0
spurious,0
squabbling,0
staggering,0
staggeringly,0
stagnant,0
stagnation,0
staid,0
stake,0
stake,0
stale,0
stalemate,0
stampede,0
stampede,0
standstill,0
stark,0
starkly,0
startling,0
startlingly,0
starvation,0
static,0
stealing,0
steep,0
steeply,0
stench,0
stereotype,0
stereotypical,0
stereotypically,0
stern,0
stern,0
sticky,0
stiff,0
stifling,0
stiflingly,0
stigma,0
sting,0
sting,0
stinging,0
stingingly,0
stink,0
stinking,0
stodgy,0
stole,0
stolen,0
stolen,0
stooge,0
stooges,0
stooges,0
stormy,0
straggler,0
strain,0
strained,0
strange,0
strenuous,0
stress,0
stressful,0
stressfully,0
stricken,0
strict,0
strictly,0
strident,0
stridently,0
strife,0
stringent,0
stringently,0
struggle,0
struggle,0
stubborn,0
stubbornly,0
stubbornness,0
stuffy,0
stunt,0
stunted,0
stupid,0
stupidity,0
stupidly,0
stupified,0
stupor,0
sty,0
sty,0
subdued,0
subjected,0
subjection,0
subjugate,0
subjugation,0
submissive,0
subordinate,0
subordinate,0
subservience,0
subservient,0
substandard,0
subversion,0
subversive,0
subversively,0
sucker,0
sufferer,0
sufferers,0
sufferers,0
suffering,0
suffering,0
sugar-coated,0
sugarcoated,0
suicidal,0
suicide,0
sullen,0
superficial,0
superficial,0
superficiality,0
superficially,0
superfluous,0
superiority,0
superiority,0
superstition,0
superstitious,0
suppression,0
suppression,0
supremacy,0
supremacy,0
surrender,0
surrender,0
susceptible,0
suspect,0
suspect,0
suspicion,0
suspicion,0
suspicions,0
suspicions,0
suspicious,0
suspicious,0
suspiciously,0
swamped,0
swear,0
swipe,0
swipe,0
swore,0
sympathetic,0
sympathetic,0
sympathetically,0
sympathies,0
sympathies,0
sympathy,0
sympathy,0
symptom,0
syndrome,0
syndrome,0
taboo,0
taboo,0
tainted,0
tangled,0
tantrum,0
tardy,0
taunt,0
taunting,0
tauntingly,0
taunts,0
tawdry,0
teasingly,0
taxing,0
tedious,0
tediously,0
temerity,0
temper,0
tempest,0
temptation,0
tense,0
tension,0
tension,0
tentative,0
tentatively,0
tenuous,0
tenuously,0
tepid,0
terrible,0
terribleness,0
terribly,0
terror,0
terror-genic,0
terror-genic,0
terrorism,0
thankless,0
thirst,0
thorny,0
thorny,0
thoughtless,0
thoughtlessly,0
thoughtlessness,0
threat,0
threat,0
threatening,0
threatening,0
threats,0
threats,0
thumbs,0
thumbs,0
timid,0
timidity,0
timidly,0
timidness,0
tiny,0
tired,0
tiresome,0
tiring,0
tiring,0
tiringly,0
toll,0
toll,0
torment,0
tormented,0
torrent,0
torture,0
tortured,0
tortuous,0
torturous,0
torturously,0
totalitarian,0
touchy,0
toughness,0
toughness,0
toxic,0
tragedy,0
tragedy,0
tragic,0
tragically,0
traitor,0
traitorous,0
traitorously,0
traitorously,0
tramp,0
transgression,0
trauma,0
trauma,0
traumatic,0
traumatic,0
traumatically,0
traumatized,0
travesties,0
travesty,0
treacherous,0
treacherously,0
treachery,0
treason,0
treasonous,0
trial,0
trick,0
trick,0
tricky,0
tricky,0
trickery,0
trivial,0
trivial,0
trivially,0
trouble,0
trouble,0
troublemaker,0
troublemaker,0
troublesome,0
troublesome,0
troublesomely,0
truant,0
trying,0
tumultuous,0
turbulent,0
turmoil,0
twist,0
twisted,0
twists,0
twists,0
tyrannical,0
tyrannically,0
tyranny,0
tyrant,0
ugliness,0
ugliness,0
ugly,0
ulterior,0
ultimatum,0
ultimatums,0
ultimatums,0
ultra-hardline,0
ultra-hardline,0
unable,0
unacceptable,0
unacceptablely,0
unaccustomed,0
unattractive,0
unauthentic,0
unavailable,0
unavoidable,0
unavoidably,0
unbearable,0
unbearablely,0
unbelievable,0
unbelievably,0
uncertain,0
uncivil,0
uncivilized,0
uncivilized,0
unclean,0
unclear,0
uncollectible,0
uncomfortable,0
uncompetitive,0
uncompromising,0
uncompromisingly,0
unconfirmed,0
unconstitutional,0
uncontrolled,0
unconvincing,0
unconvincingly,0
uncouth,0
undecided,0
undefined,0
undependability,0
undependable,0
underdog,0
underdog,0
underlings,0
underlings,0
underpaid,0
undesirable,0
undetermined,0
undid,0
undignified,0
undo,0
undocumented,0
undone,0
undue,0
unease,0
unease,0
uneasily,0
uneasiness,0
uneasiness,0
uneasy,0
uneconomical,0
unethical,0
uneven,0
uneventful,0
unexpected,0
unexplained,0
unfair,0
unfairly,0
unfaithful,0
unfaithfully,0
unfamiliar,0
unfavorable,0
unfeeling,0
unfinished,0
unfit,0
unforeseen,0
unfortunate,0
unfounded,0
unfriendly,0
unfulfilled,0
unfunded,0
ungrateful,0
ungovernable,0
ungovernable,0
unhappily,0
unhappiness,0
unhappy,0
unhealthy,0
unilateralism,0
unilateralism,0
unimaginable,0
unimaginably,0
unimportant,0
uninformed,0
uninsured,0
unipolar,0
unipolar,0
unjust,0
unjustifiable,0
unjustifiably,0
unjustified,0
unkind,0
unkindly,0
unlamentable,0
unlamentably,0
unlawful,0
unlawfully,0
unlawfulness,0
unlawfulness,0
unlicensed,0
unlucky,0
unmoved,0
unnatural,0
unnecessary,0
unneeded,0
unnerved,0
unnerving,0
unnervingly,0
unnoticed,0
unobserved,0
unorthodox,0
unorthodoxy,0
unpleasant,0
unpleasantries,0
unpleasantries,0
unpopular,0
unprecedent,0
unprecedented,0
unpredictable,0
unprepared,0
unproductive,0
unprofitable,0
unqualified,0
unravel,0
unravel,0
unraveled,0
unrealistic,0
unreasonable,0
unreasonably,0
unrelenting,0
unrelentingly,0
unreliability,0
unreliability,0
unreliable,0
unresolved,0
unrest,0
unruly,0
unsafe,0
unsatisfactory,0
unsavory,0
unscrupulous,0
unscrupulously,0
unsettled,0
unsettlingly,0
unskilled,0
unsophisticated,0
unsound,0
unspeakable,0
unspeakablely,0
unspecified,0
unstable,0
unsteadily,0
unsteadiness,0
unsteady,0
unsuccessful,0
unsuccessfully,0
unsupported,0
unsure,0
unsuspecting,0
unsustainable,0
untenable,0
untested,0
unthinkable,0
unthinkably,0
untimely,0
untrue,0
untrustworthy,0
untruthful,0
unusual,0
unusually,0
unwanted,0
unwarranted,0
unwelcome,0
unwieldy,0
unwilling,0
unwillingly,0
unwillingness,0
unwise,0
unwisely,0
unworkable,0
unworthy,0
unyielding,0
upheaval,0
uprising,0
uproar,0
uproarious,0
uproariously,0
uproarous,0
uproarously,0
upset,0
upsetting,0
upsettingly,0
urgency,0
urgency,0
urgent,0
urgent,0
urgently,0
useless,0
usurper,0
utter,0
utterly,0
vagrant,0
vague,0
vague,0
vagueness,0
vain,0
vainly,0
vanity,0
vehement,0
vehemently,0
vengeance,0
vengeful,0
vengefully,0
vengefulness,0
venom,0
venom,0
venomous,0
venomously,0
vent,0
vent,0
vestiges,0
vestiges,0
veto,0
veto,0
vexation,0
vexing,0
vexingly,0
vice,0
vicious,0
viciously,0
viciousness,0
vile,0
vileness,0
villainous,0
villainously,0
villains,0
villains,0
villian,0
villianous,0
villianously,0
vindictive,0
vindictively,0
vindictiveness,0
violation,0
violator,0
violator,0
violent,0
violently,0
viper,0
virulence,0
virulent,0
virulently,0
virus,0
virus,0
vocally,0
vociferous,0
vociferously,0
void,0
volatile,0
volatility,0
vomit,0
vulgar,0
waning,0
waning,0
wanton,0
war,0
war,0
war-like,0
war-like,0
warfare,0
warlike,0
warning,0
warning,0
warped,0
wary,0
warily,0
wariness,0
waste,0
wasteful,0
wastefulness,0
watchdog,0
watchdog,0
wayward,0
weak,0
weakening,0
weakening,0
weakness,0
weakness,0
weaknesses,0
weaknesses,0
weariness,0
wearisome,0
weary,0
weary,0
wedge,0
wedge,0
wee,0
weed,0
weird,0
weird,0
weirdly,0
whips,0
whips,0
wicked,0
wickedly,0
wickedness,0
widespread,0
wild,0
wildly,0
wiles,0
wily,0
withheld,0
withhold,0
woe,0
woebegone,0
woeful,0
woefully,0
worn,0
worried,0
worriedly,0
worrier,0
worries,0
worries,0
worrisome,0
worry,0
worry,0
worryingly,0
worse,0
worst,0
worthless,0
worthlessly,0
worthlessness,0
wound,0
wound,0
wounds,0
wounds,0
wreck,0
wrath,0
wretch,0
wretched,0
wretchedly,0
wretchedness,0
wrong,0
wrongful,0
wrought,0
wrought,0
yawn,0
zealot,0
zealous,0
zealously,0
abidance,1
abidance,1
abilities,1
ability,1
able,1
above,1
above-average,1
abundant,1
abundance,1
acceptance,1
acceptable,1
accessible,1
acclaim,1
acclaimed,1
accolade,1
accolades,1
accommodative,1
accomplishment,1
accomplishments,1
accordance,1
accordantly,1
accurate,1
accurately,1
achievable,1
achievement,1
achievements,1
acknowledgement,1
active,1
acumen,1
adaptable,1
adaptability,1
adaptive,1
adept,1
adeptly,1
adequate,1
adherence,1
adherent,1
adhesion,1
admirable,1
admirer,1
admirable,1
admirably,1
admiration,1
admiring,1
admiringly,1
admission,1
admission,1
adorable,1
adored,1
adorer,1
adoring,1
adoringly,1
adroit,1
adroitly,1
adulatory,1
advanced,1
advantage,1
advantage,1
advantageous,1
advantages,1
advantages,1
adventure,1
adventure,1
adventuresome,1
adventurism,1
adventurous,1
advice,1
advice,1
advisable,1
advocacy,1
affable,1
affability,1
affably,1
affection,1
affection,1
affectionate,1
affinity,1
affirmation,1
affirmation,1
affirmative,1
affluent,1
affluence,1
affordable,1
afloat,1
agile,1
agilely,1
agility,1
agreeable,1
agreement,1
agreement,1
allowable,1
allure,1
alluring,1
alluringly,1
almighty,1
altruist,1
altruistic,1
altruistically,1
amazed,1
amazement,1
amazing,1
amazingly,1
ambitious,1
ambitious,1
amenable,1
amenity,1
amiability,1
amiabily,1
amiable,1
amicability,1
amicable,1
amicably,1
amity,1
amity,1
amnesty,1
amour,1
ample,1
amply,1
amusement,1
amusement,1
amusing,1
angel,1
angelic,1
animated,1
apostle,1
apostle,1
apotheosis,1
apotheosis,1
appeal,1
appeal,1
appealing,1
appreciable,1
appreciation,1
appreciation,1
appreciative,1
appropriate,1
approval,1
apt,1
aptly,1
aptitude,1
ardent,1
ardently,1
ardor,1
aristocratic,1
arresting,1
articulate,1
ascendant,1
ascendant,1
ascertainable,1
ascertainable,1
aspiration,1
aspirations,1
aspirations,1
assertions,1
assertions,1
assertive,1
asset,1
assiduous,1
assiduously,1
assurance,1
assurance,1
assurances,1
assurances,1
assuredly,1
astonished,1
astonishing,1
astonishingly,1
astonishment,1
astounded,1
astounding,1
astounding,1
astoundingly,1
astute,1
astutely,1
asylum,1
asylum,1
attainable,1
attentive,1
attraction,1
attraction,1
attractive,1
attractive,1
attune,1
auspicious,1
authentic,1
authoritative,1
award,1
autonomous,1
avid,1
avidly,1
awe,1
awed,1
awesome,1
awesomely,1
awesomeness,1
awestruck,1
backbone,1
balanced,1
bargain,1
bargain,1
basic,1
beacon,1
beauteous,1
beautiful,1
beautifully,1
beauty,1
befitting,1
believable,1
beloved,1
benefactor,1
beneficial,1
beneficent,1
beneficiary,1
beneficiary,1
benefit,1
benefit,1
benefits,1
benefits,1
benevolence,1
benevolent,1
benign,1
best-known,1
best-performing,1
best-selling,1
better,1
better-known,1
better-than-expected,1
blameless,1
blessing,1
blessing,1
bliss,1
blissful,1
blissfully,1
blithe,1
bold,1
boldly,1
boldness,1
bonny,1
bonus,1
boom,1
booming,1
boost,1
boundless,1
bountiful,1
brains,1
brains,1
brainy,1
brave,1
bravery,1
bravery,1
breakthrough,1
breakthrough,1
breakthroughs,1
breakthroughs,1
breathlessness,1
breathlessness,1
breathtaking,1
breathtakingly,1
bright,1
brightness,1
brilliance,1
brilliant,1
brilliantly,1
brisk,1
broad,1
brotherly,1
bull,1
bull,1
bullish,1
bullish,1
buoyant,1
calm,1
calmness,1
candid,1
candor,1
capable,1
capability,1
capably,1
captivating,1
captivation,1
carefree,1
careful,1
catalyst,1
catalyst,1
catchy,1
celebrated,1
celebration,1
celebrity,1
champion,1
champ,1
champion,1
charismatic,1
charitable,1
charitable,1
charity,1
charm,1
charm,1
charming,1
charming,1
charmingly,1
chaste,1
cheer,1
cheery,1
cheerful,1
cherished,1
cherub,1
chic,1
chivalry,1
chivalrous,1
chum,1
civility,1
civilization,1
civilize,1
civil,1
clarity,1
classic,1
clean,1
cleanliness,1
cleanse,1
clear-cut,1
clearer,1
clearer,1
clearly,1
clever,1
closeness,1
closeness,1
clout,1
clout,1
co-operation,1
co-operation,1
cogent,1
cohesive,1
coherence,1
coherence,1
coherent,1
cohesion,1
cohesive,1
colorful,1
colossal,1
comeback,1
comeback,1
comely,1
comfortable,1
comfortable,1
comfortably,1
comforting,1
commendable,1
commendably,1
commensurate,1
commonsense,1
commonsensible,1
commonsensibly,1
commonsensical,1
commodious,1
commitment,1
commitment,1
compact,1
compassion,1
compassionate,1
compatible,1
compatible,1
compelling,1
compelling,1
competent,1
competence,1
competency,1
competitive,1
competitive,1
competitiveness,1
complement,1
compliant,1
compliant,1
complimentary,1
comprehensive,1
compromise,1
compromise,1
compromises,1
compromises,1
comrades,1
comrades,1
conceivable,1
conceivable,1
conciliatory,1
conclusive,1
concrete,1
conducive,1
conducive,1
confidence,1
confidence,1
confident,1
congenial,1
congratulations,1
congratulations,1
conscience,1
conscientious,1
consensus,1
considerate,1
consistent,1
constancy,1
constructive,1
constructive,1
constructive,1
consummate,1
content,1
contentment,1
continuity,1
contribution,1
contribution,1
convenient,1
convenient,1
conviction,1
conviction,1
convincing,1
convincing,1
convincingly,1
cooperation,1
cooperation,1
cooperative,1
cooperatively,1
cordial,1
cornerstone,1
cornerstone,1
correct,1
cost-effective,1
cost-saving,1
courage,1
courage,1
courageous,1
courageously,1
courageousness,1
courteous,1
courtesy,1
courtly,1
covenant,1
cozy,1
craving,1
creative,1
credence,1
credence,1
credible,1
crisp,1
crusade,1
crusade,1
crusader,1
cure-all,1
cure-all,1
cute,1
dance,1
daring,1
daringly,1
dashing,1
dauntless,1
dazzled,1
dazzling,1
deal,1
dear,1
decent,1
decency,1
decisive,1
decisiveness,1
decisiveness,1
dedicated,1
defender,1
defender,1
deference,1
defense,1
definite,1
definitive,1
definitive,1
definitively,1
deflationary,1
deft,1
delectable,1
delicacy,1
delicate,1
delicious,1
delight,1
delighted,1
delightful,1
delightful,1
delightfully,1
delightfulness,1
democratic,1
dependable,1
deserved,1
deservedly,1
deserving,1
desirable,1
desire,1
desire,1
desirous,1
destined,1
destinies,1
destinies,1
destiny,1
determination,1
determination,1
devoted,1
devotee,1
devotion,1
devout,1
dexterity,1
dexterous,1
dexterously,1
dextrous,1
dignified,1
dignity,1
diligence,1
diligent,1
diligently,1
diplomatic,1
diplomatic,1
discerning,1
discreet,1
discreet,1
discretion,1
discriminating,1
discriminatingly,1
distinct,1
distinction,1
distinctive,1
distinctive,1
distinctive,1
distinguished,1
diversified,1
divine,1
divinely,1
dodge,1
dodge,1
dotingly,1
doubtless,1
dream,1
dream,1
dreamland,1
dreams,1
dreams,1
dreamy,1
drive,1
driven,1
durable,1
durability,1
dynamic,1
eager,1
eagerly,1
eagerness,1
earnest,1
earnestly,1
earnestness,1
ease,1
easy,1
easygoing,1
ebullience,1
ebullient,1
ebulliently,1
eclectic,1
economical,1
ecstasies,1
ecstasy,1
ecstatic,1
ecstatically,1
educable,1
educated,1
educational,1
effective,1
effectiveness,1
effectual,1
efficacious,1
efficiency,1
efficient,1
effortless,1
effortlessly,1
effusion,1
effusive,1
effusively,1
effusiveness,1
egalitarian,1
elan,1
elated,1
elatedly,1
elation,1
electrification,1
electrification,1
elegance,1
elegant,1
elegantly,1
elevated,1
eligible,1
elite,1
eloquence,1
eloquent,1
eloquently,1
eminence,1
eminent,1
empowerment,1
enchanted,1
enchanting,1
enchantingly,1
encouragement,1
encouragement,1
encouraging,1
encouraging,1
encouragingly,1
endearing,1
endorsement,1
endorsement,1
endorser,1
endurable,1
enduring,1
energetic,1
energetic,1
engaging,1
engrossing,1
enhanced,1
enhancement,1
enjoyable,1
enjoyably,1
enjoyment,1
enlightenment,1
enrapt,1
enrichment,1
enterprising,1
entertaining,1
enthusiasm,1
enthusiast,1
enthusiastic,1
enthusiastically,1
enticing,1
enticingly,1
entrancing,1
entreatingly,1
enviable,1
enviably,1
envisions,1
envisions,1
epic,1
epitome,1
equality,1
equality,1
equitable,1
erudite,1
essential,1
especially,1
esteem,1
established,1
eternity,1
eternity,1
ethical,1
euphoria,1
euphoric,1
euphorically,1
even,1
evenly,1
eventful,1
everlasting,1
evocative,1
exalt,1
exaltation,1
exalted,1
exaltedly,1
exalting,1
exaltingly,1
exceeding,1
exceedingly,1
excellence,1
excellency,1
excellent,1
excellently,1
exceptional,1
exceptionally,1
excited,1
excitedly,1
excitedness,1
excitement,1
exciting,1
excitingly,1
exclusive,1
excusable,1
excusable,1
exemplar,1
exemplary,1
exhaustive,1
exhaustively,1
exhilarating,1
exhilaratingly,1
exhilaration,1
expansive,1
experienced,1
expert,1
expertly,1
explicit,1
explicitly,1
expressive,1
exquisite,1
exquisitely,1
extraordinarily,1
extraordinary,1
exuberance,1
exuberant,1
exuberantly,1
exultation,1
exultingly,1
fabulous,1
fabulously,1
fair,1
fair,1
fairly,1
fairness,1
fairness,1
faith,1
faith,1
faithful,1
faithful,1
faithfully,1
faithfulness,1
famed,1
fame,1
famed,1
famous,1
famously,1
fancy,1
fanfare,1
fanfare,1
fantastic,1
fantastically,1
fantasy,1
fantasy,1
farsighted,1
fascinating,1
fascinatingly,1
fascination,1
fashionable,1
fashionably,1
fast-growing,1
fast-paced,1
fastest-growing,1
favor,1
favor,1
favorable,1
favored,1
favorite,1
favour,1
fearless,1
fearlessly,1
feasible,1
feasibly,1
feat,1
featly,1
feisty,1
feisty,1
felicitous,1
felicity,1
fertile,1
fertile,1
fervent,1
fervently,1
fervid,1
fervidly,1
fervor,1
festive,1
fidelity,1
fiery,1
fine,1
finely,1
first-class,1
first-rate,1
fit,1
fitting,1
flair,1
flame,1
flame,1
flattering,1
flatteringly,1
flawless,1
flawlessly,1
flexible,1
flourish,1
flourishing,1
fluent,1
fond,1
fondly,1
fondness,1
foolproof,1
foremost,1
foresight,1
forgave,1
forgiven,1
forgiveness,1
forgiving,1
forgivingly,1
fortitude,1
fortuitous,1
fortuitously,1
fortunate,1
fortune,1
fortune,1
fragrant,1
frank,1
free,1
freedom,1
freedom,1
freedoms,1
freedoms,1
fresh,1
friend,1
friend,1
friendliness,1
friendliness,1
friendly,1
friends,1
friends,1
friendship,1
friendship,1
fruitful,1
fulfillment,1
fulfillment,1
full-fledged,1
fun,1
functional,1
funny,1
gaiety,1
gaily,1
gain,1
gainful,1
gainfully,1
gallant,1
gallantly,1
galore,1
gem,1
gem,1
gems,1
gems,1
generosity,1
generous,1
generously,1
genial,1
genius,1
gentle,1
genuine,1
germane,1
giddy,1
gifted,1
glad,1
gladly,1
gladness,1
glamorous,1
glee,1
gleeful,1
gleefully,1
glimmer,1
glimmer,1
glimmering,1
glisten,1
glistening,1
glitter,1
glorious,1
gloriously,1
glory,1
glossy,1
glowingly,1
go-ahead,1
go-ahead,1
god-given,1
godlike,1
gold,1
golden,1
good,1
goodly,1
goodness,1
goodwill,1
goodwill,1
gorgeous,1
gorgeously,1
grace,1
graceful,1
gracefully,1
gracious,1
graciously,1
graciousness,1
grail,1
grail,1
grand,1
grandeur,1
grateful,1
grateful,1
gratefully,1
gratification,1
gratifying,1
gratifyingly,1
gratitude,1
gratitude,1
great,1
greatest,1
greatness,1
grit,1
grit,1
groundbreaking,1
groundbreaking,1
guarantee,1
guardian,1
guidance,1
guidance,1
guiltless,1
gumption,1
gusto,1
gutsy,1
halcyon,1
hale,1
hallowed,1
handily,1
handsome,1
handy,1
happily,1
happiness,1
happy,1
hard-working,1
hardier,1
hardier,1
hardy,1
harmless,1
harmonious,1
harmony,1
harmony,1
haven,1
headway,1
heady,1
healthful,1
healthy,1
healthy,1
heart,1
heartening,1
heartfelt,1
heartily,1
heartwarming,1
heaven,1
heavenly,1
help,1
help,1
helpful,1
hero,1
heroic,1
heroically,1
heroine,1
heros,1
high-quality,1
highlight,1
hilarious,1
hilariously,1
hilariousness,1
hilarity,1
historic,1
holy,1
homage,1
honest,1
honest,1
honestly,1
honesty,1
honesty,1
honeymoon,1
honor,1
honor,1
honorable,1
hope,1
hope,1
hopeful,1
hopefully,1
hopefulness,1
hopes,1
hopes,1
hospitable,1
hot,1
hug,1
hug,1
humane,1
humane,1
humanists,1
humanists,1
humanity,1
humankind,1
humility,1
humorous,1
humorously,1
humour,1
humour,1
humourous,1
ideal,1
ideal,1
idealism,1
idealist,1
idol,1
idol,1
idolized,1
illuminati,1
illuminati,1
illuminating,1
illustrious,1
imaginative,1
immaculate,1
immaculately,1
impartial,1
impartiality,1
impartially,1
impassioned,1
impeccable,1
impeccably,1
imperial,1
imperturbable,1
impervious,1
impetus,1
importance,1
important,1
importantly,1
impregnable,1
impression,1
impression,1
impressions,1
impressions,1
impressive,1
impressively,1
impressiveness,1
improving,1
improved,1
improvement,1
inalienable,1
incisive,1
incisively,1
incisiveness,1
inclination,1
inclination,1
inclinations,1
inclined,1
inclusive,1
incontestable,1
incontrovertible,1
incorruptible,1
incredible,1
incredibly,1
indebted,1
indefatigable,1
indelible,1
indelibly,1
independence,1
independence,1
independent,1
indescribable,1
indescribably,1
indestructible,1
indispensable,1
indispensability,1
indisputable,1
individuality,1
indomitable,1
indomitably,1
indubitable,1
indubitably,1
indulgence,1
indulgent,1
industrious,1
inestimable,1
inestimably,1
inexpensive,1
infallible,1
infallibly,1
infallibility,1
influential,1
informative,1
ingenious,1
ingeniously,1
ingenuity,1
ingenuous,1
ingenuously,1
ingratiating,1
ingratiatingly,1
innocence,1
innocence,1
innocent,1
innocently,1
innocuous,1
innocuous,1
innovation,1
innovation,1
innovative,1
inoffensive,1
inquisitive,1
insight,1
insight,1
insightful,1
insightfully,1
insistence,1
insistence,1
insistent,1
insistently,1
inspiration,1
inspirational,1
inspiring,1
inspiring,1
instructive,1
instrumental,1
intact,1
integral,1
integrity,1
intelligent,1
intelligence,1
intelligible,1
interest,1
interest,1
interested,1
interesting,1
interests,1
interests,1
intimacy,1
intimacy,1
intimate,1
intricate,1
intrigue,1
intrigue,1
intriguing,1
intriguing,1
intriguingly,1
intuitive,1
invaluable,1
invaluablely,1
inventive,1
invigorating,1
invincibility,1
invincible,1
inviolable,1
inviolate,1
invulnerable,1
irrefutable,1
irrefutably,1
irreproachable,1
irresistible,1
irresistibly,1
jauntily,1
jaunty,1
joke,1
jovial,1
joy,1
joyful,1
joyfully,1
joyless,1
joyous,1
joyously,1
jubilant,1
jubilantly,1
jubilation,1
jubilation,1
judicious,1
just,1
just,1
just,1
justice,1
justice,1
justifiable,1
justification,1
justly,1
keen,1
keenly,1
keenness,1
keenness,1
kemp,1
kind,1
kindly,1
kindliness,1
kindness,1
kingmaker,1
kiss,1
knowledgeable,1
large,1
large,1
laudable,1
laudably,1
lavish,1
lavishly,1
law-abiding,1
lawful,1
lawfully,1
leading,1
lean,1
lean,1
learning,1
learned,1
legendary,1
legitimacy,1
legitimate,1
legitimately,1
lenient,1
leniently,1
less-expensive,1
leverage,1
levity,1
liberal,1
liberation,1
liberation,1
liberalism,1
liberally,1
liberty,1
lifeblood,1
lifelong,1
light,1
light,1
light-hearted,1
likable,1
liking,1
lionhearted,1
literate,1
live,1
lively,1
lofty,1
logical,1
lovable,1
lovably,1
love,1
loveliness,1
lover,1
lovely,1
low-cost,1
low-risk,1
lower-priced,1
loyal,1
loyalty,1
loyalty,1
lucid,1
lucidly,1
luck,1
luckier,1
luckier,1
luckily,1
luckiness,1
lucky,1
lucky,1
lucrative,1
lucrative,1
luminous,1
lush,1
luster,1
lustrous,1
luxuriant,1
luxurious,1
luxuriously,1
luxury,1
luxury,1
lyrical,1
magic,1
magical,1
magnanimous,1
magnanimously,1
magnetic,1
magnificence,1
magnificent,1
magnificent,1
magnificently,1
magnify,1
majestic,1
majesty,1
manageable,1
manifest,1
manly,1
mannerly,1
marvel,1
marvellous,1
marvelous,1
marvelously,1
marvelousness,1
marvels,1
master,1
master,1
masterful,1
masterfully,1
masterpiece,1
masterpieces,1
masters,1
masters,1
mastery,1
matchless,1
mature,1
maturely,1
maturity,1
meaningful,1
meek,1
mellow,1
memorable,1
mentor,1
mercifully,1
mercy,1
mercy,1
merit,1
meritorious,1
merrily,1
merriment,1
merriness,1
merry,1
mesmerizing,1
mesmerizing,1
mesmerizingly,1
meticulous,1
meticulously,1
might,1
mightily,1
mighty,1
mild,1
mindful,1
miracle,1
miracles,1
miraculous,1
miraculously,1
miraculousness,1
mirth,1
moderate,1
moderation,1
moderation,1
modern,1
modest,1
modesty,1
momentous,1
monumental,1
monumentally,1
moral,1
moral,1
morality,1
motivated,1
motivation,1
motivation,1
moving,1
myriad,1
natural,1
naturally,1
navigable,1
neat,1
neatly,1
necessarily,1
necessary,1
nice,1
nifty,1
nimble,1
noble,1
nobly,1
non-violence,1
non-violent,1
normal,1
notable,1
notable,1
noteworthy,1
noteworthy,1
noticeable,1
novel,1
nourishing,1
nourishment,1
nurturing,1
nurturing,1
oasis,1
obedience,1
obedient,1
obediently,1
objective,1
objectively,1
offbeat,1
okay,1
onward,1
onward,1
open,1
openly,1
openness,1
openness,1
opportune,1
opportunity,1
optimal,1
optimism,1
optimistic,1
opulent,1
orderly,1
original,1
originality,1
outgoing,1
outstanding,1
outstandingly,1
ovation,1
ovation,1
overachiever,1
overjoyed,1
overture,1
overture,1
pacifist,1
pacifists,1
pacifists,1
painless,1
painlessly,1
painstaking,1
painstakingly,1
palatable,1
palatial,1
paradise,1
paramount,1
passion,1
passionate,1
passionately,1
patience,1
patient,1
patient,1
patient,1
patiently,1
patriot,1
patriotic,1
peace,1
peace,1
peaceable,1
peaceful,1
peaceful,1
peacefully,1
peacekeepers,1
peacekeepers,1
peerless,1
penetrating,1
penitent,1
perceptive,1
perfect,1
perfection,1
perfectly,1
permissible,1
perseverance,1
persistent,1
persistent,1
personages,1
personages,1
personality,1
personality,1
perspicuous,1
perspicuously,1
persuasive,1
persuasive,1
persuasively,1
pertinent,1
phenomenal,1
phenomenally,1
picturesque,1
piety,1
pillar,1
pillar,1
pinnacle,1
pious,1
pithy,1
pithy,1
placid,1
plain,1
plausibility,1
plausible,1
playful,1
playfully,1
pleasant,1
pleasantly,1
pleased,1
pleasing,1
pleasure,1
pleasure,1
pledge,1
pledges,1
pledges,1
plentiful,1
plush,1
poetic,1
poignant,1
poise,1
poised,1
polished,1
polite,1
politeness,1
popular,1
popular,1
popularity,1
popularity,1
portable,1
posh,1
positive,1
positiveness,1
positively,1
posterity,1
potent,1
potential,1
potential,1
powerful,1
powerfully,1
practicable,1
practical,1
pragmatic,1
praise,1
praiseworthy,1
praising,1
praising,1
pre-eminent,1
preaching,1
preaching,1
precaution,1
precautions,1
precedent,1
precious,1
precious,1
precise,1
precisely,1
precision,1
preeminent,1
preemptive,1
preferable,1
preference,1
preferences,1
preferences,1
premier,1
premium,1
prepared,1
preponderance,1
preponderance,1
prestige,1
prestigious,1
prettily,1
pretty,1
priceless,1
pride,1
principle,1
principle,1
principled,1
privilege,1
privileged,1
pro,1
pro-American,1
pro-American,1
pro-Beijing,1
pro-Beijing,1
pro-Cuba,1
pro-Cuba,1
pro-peace,1
pro-peace,1
proactive,1
proactive,1
prodigious,1
prodigiously,1
prodigy,1
productive,1
proficient,1
proficiently,1
profit,1
profitable,1
profound,1
profoundly,1
profuse,1
profusely,1
profusion,1
progress,1
progressive,1
prolific,1
prominent,1
prominence,1
promise,1
promise,1
promising,1
promoter,1
promoter,1
prompt,1
promptly,1
proper,1
properly,1
propitious,1
propitiously,1
prospect,1
prospect,1
prospects,1
prospects,1
prosperity,1
prosperity,1
prosperous,1
protection,1
protective,1
protector,1
protector,1
proud,1
providence,1
prowess,1
prudence,1
prudence,1
prudent,1
prudently,1
punctual,1
pundits,1
pundits,1
pure,1
purification,1
purity,1
purposeful,1
quaint,1
qualified,1
qualify,1
quasi-ally,1
quasi-ally,1
radiance,1
radiant,1
rapprochement,1
rapprochement,1
rapport,1
rapture,1
raptureous,1
raptureously,1
rational,1
rationality,1
rationality,1
re-conquest,1
re-conquest,1
readily,1
ready,1
reaffirm,1
reaffirmation,1
reaffirmation,1
real,1
realist,1
realistic,1
realistically,1
reason,1
reasonable,1
reasonably,1
reasoned,1
reassurance,1
reassurance,1
receptive,1
recognition,1
recognition,1
recommendation,1
recommendations,1
recommendations,1
recommended,1
recompense,1
reconciliation,1
reconciliation,1
record-setting,1
rectification,1
rectification,1
rectifying,1
rectifying,1
redeeming,1
redemption,1
refined,1
refinement,1
reform,1
reform,1
refreshing,1
refuge,1
regal,1
regally,1
regard,1
rehabilitation,1
reinforcement,1
rejoicing,1
rejoicingly,1
relaxed,1
relevant,1
relevance,1
reliable,1
reliability,1
reliably,1
relief,1
relief,1
remarkable,1
remarkably,1
remedy,1
reminiscent,1
reminiscent,1
renaissance,1
renewal,1
renovation,1
renown,1
renowned,1
repair,1
reparation,1
repentance,1
reputable,1
rescue,1
resilient,1
resolute,1
resolve,1
resolve,1
resolved,1
resounding,1
resourceful,1
resourcefulness,1
respect,1
respect,1
respectable,1
respectful,1
respectfully,1
respite,1
resplendent,1
responsibility,1
responsible,1
responsibly,1
responsive,1
restful,1
restoration,1
restraint,1
restraint,1
resurgent,1
revel,1
revel,1
revelation,1
revelation,1
reverence,1
reverent,1
reverently,1
revival,1
revolution,1
revolution,1
rewarding,1
rewardingly,1
rich,1
riches,1
richly,1
richness,1
right,1
right,1
righteous,1
righteously,1
righteousness,1
rightful,1
rightfully,1
rightness,1
rightness,1
rights,1
rights,1
ripe,1
risk-free,1
robust,1
rosy,1
rousing,1
sacred,1
safe,1
sagacity,1
sage,1
sagely,1
saint,1
saintliness,1
saintly,1
salable,1
salutary,1
salvation,1
sanctity,1
sanctuary,1
sanctuary,1
sanguine,1
sane,1
sanity,1
sanity,1
satisfaction,1
satisfaction,1
satisfactorily,1
satisfactory,1
satisfying,1
savvy,1
scenic,1
scruples,1
scrupulous,1
scrupulously,1
seamless,1
seasoned,1
secure,1
securely,1
security,1
security,1
seductive,1
selective,1
self-determination,1
self-determination,1
self-respect,1
self-satisfaction,1
self-satisfaction,1
self-sufficiency,1
self-sufficiency,1
self-sufficient,1
semblance,1
sensation,1
sensation,1
sensational,1
sensationally,1
sensations,1
sensations,1
sense,1
sense,1
sensible,1
sensibly,1
sensitive,1
sensitive,1
sensitivity,1
sensitivity,1
sentiment,1
sentiment,1
sentiments,1
serene,1
serenity,1
settle,1
sexy,1
shelter,1
shimmeringly,1
shiny,1
shiny,1
shrewd,1
shrewdly,1
shrewdness,1
significant,1
significance,1
simple,1
simplicity,1
simplified,1
sincere,1
sincerely,1
sincerity,1
sincerity,1
skill,1
skilled,1
skillful,1
skillful,1
skillfully,1
sleek,1
slender,1
slim,1
slim,1
smart,1
smarter,1
smartest,1
smartly,1
smile,1
smiling,1
smilingly,1
smooth,1
sociable,1
soft-spoken,1
soften,1
soften,1
solicitous,1
solicitously,1
solicitude,1
solid,1
solid,1
solidarity,1
solidarity,1
soothingly,1
sophisticated,1
sound,1
soundness,1
spacious,1
sparing,1
sparingly,1
sparkling,1
special,1
spectacular,1
spectacularly,1
speedy,1
spellbinding,1
spellbindingly,1
spirit,1
spirit,1
spirited,1
spiritual,1
spiritual,1
splendid,1
splendidly,1
splendor,1
spotless,1
sprightly,1
squarely,1
stability,1
stability,1
stable,1
stable,1
stainless,1
star,1
star,1
stars,1
stars,1
stately,1
statuesque,1
staunch,1
staunchly,1
staunchness,1
steadfast,1
steadfastly,1
steadfastness,1
steadiness,1
steady,1
stellar,1
stellarly,1
stimulating,1
stimulative,1
stirring,1
stirringly,1
straight,1
straightforward,1
streamlined,1
stride,1
stride,1
strides,1
strides,1
striking,1
strikingly,1
striving,1
striving,1
strong,1
studious,1
studiously,1
stunned,1
stunning,1
stunningly,1
stupendous,1
stupendously,1
sturdy,1
stylish,1
stylishly,1
suave,1
sublime,1
substantial,1
substantially,1
substantive,1
subtle,1
success,1
success,1
successful,1
successfully,1
sufficient,1
sufficiently,1
suggestions,1
suggestions,1
suitable,1
sumptuous,1
sumptuously,1
sumptuousness,1
sunny,1
super,1
superb,1
superbly,1
superior,1
superlative,1
support,1
support,1
supporter,1
supporter,1
supportive,1
supportive,1
supreme,1
supremely,1
supurb,1
supurbly,1
sure,1
surge,1
surging,1
survival,1
survivor,1
sustainability,1
sustainability,1
sustainable,1
sustainable,1
sustained,1
sweeping,1
sweet,1
sweetheart,1
sweetly,1
sweetness,1
swift,1
swiftness,1
sworn,1
tact,1
talent,1
talent,1
talented,1
tantalizing,1
tantalizingly,1
taste,1
temperance,1
temperate,1
tenacious,1
tenaciously,1
tenacity,1
tender,1
tenderly,1
tenderness,1
terrific,1
terrifically,1
terrified,1
terrifying,1
terrifying,1
terrifyingly,1
thankful,1
thankfully,1
thinkable,1
thinkable,1
thorough,1
thoughtful,1
thoughtfully,1
thoughtfulness,1
thrift,1
thrifty,1
thrill,1
thrilling,1
thrillingly,1
thrills,1
thriving,1
tidy,1
time-honored,1
timely,1
titillating,1
titillatingly,1
togetherness,1
tolerable,1
tolerably,1
tolerance,1
tolerance,1
tolerant,1
tolerantly,1
toleration,1
top,1
torrid,1
torridly,1
tradition,1
traditional,1
tranquil,1
tranquility,1
tranquility,1
treat,1
tremendous,1
trendy,1
trepidation,1
tribute,1
trim,1
triumph,1
triumphal,1
triumphant,1
triumphantly,1
truculent,1
truculently,1
TRUE,1
truly,1
trust,1
trust,1
trusting,1
trustingly,1
trustworthiness,1
trustworthy,1
truthful,1
truthfully,1
truthfulness,1
ultimate,1
ultimately,1
ultra,1
unabashed,1
unabashedly,1
unanimous,1
unassailable,1
unassailable,1
unbiased,1
unbound,1
unbroken,1
uncommon,1
uncommonly,1
unconcerned,1
unconditional,1
unconventional,1
undaunted,1
understandable,1
understanding,1
understanding,1
understood,1
understated,1
understatedly,1
undisputable,1
undisputably,1
undisputed,1
undoubted,1
undoubtedly,1
unencumbered,1
unequivocal,1
unfazed,1
unfettered,1
unforgettable,1
uniform,1
uniformly,1
unique,1
unity,1
unity,1
universal,1
unlimited,1
unparalleled,1
unpretentious,1
unrestricted,1
unscathed,1
unselfish,1
untouched,1
untrained,1
upbeat,1
upfront,1
upheld,1
uphold,1
uplifting,1
upliftment,1
upliftment,1
upright,1
upscale,1
upside,1
upside,1
upward,1
usable,1
useful,1
usefulness,1
utilitarian,1
utmost,1
uttermost,1
valiant,1
valiantly,1
valid,1
validity,1
valor,1
valuable,1
values,1
values,1
vast,1
vastly,1
vastness,1
venerable,1
venerably,1
verifiable,1
veritable,1
versatile,1
versatility,1
viable,1
viability,1
vibrant,1
vibrantly,1
victorious,1
victory,1
victory,1
vigilance,1
vigilant,1
vigilant,1
vigorous,1
vigorously,1
vintage,1
virtue,1
virtuous,1
virtuously,1
visionary,1
vital,1
vitality,1
vitality,1
vivacious,1
vivid,1
voluntarily,1
voluntary,1
vulnerable,1
vulnerable,1
warm,1
warmhearted,1
warmly,1
warmth,1
wealthy,1
welcome,1
welcome,1
welfare,1
welfare,1
well,1
well,1
well-being,1
well-being,1
well-connected,1
well-educated,1
well-established,1
well-informed,1
well-intentioned,1
well-managed,1
well-positioned,1
well-publicized,1
well-received,1
well-regarded,1
well-run,1
well-wishers,1
well-wishers,1
wellbeing,1
wellbeing,1
whimsical,1
white,1
wholeheartedly,1
wholesome,1
wide,1
wide-open,1
wide-ranging,1
will,1
will,1
willful,1
willfully,1
willing,1
willingness,1
willingness,1
wink,1
wink,1
winnable,1
winnable,1
winners,1
winners,1
wisdom,1
wisdom,1
wise,1
wise,1
wisely,1
wish,1
wish,1
wishes,1
wishes,1
wishing,1
wishing,1
witty,1
wonderful,1
wonderfully,1
wonderous,1
wonderously,1
workable,1
world-famous,1
worth,1
worth,1
worth-while,1
worthiness,1
worthwhile,1
worthy,1
wow,1
wry,1
yearning,1
yearningly,1
youthful,1
zeal,1
zenith,1
zest,1
